{"cameraMode":{"drawMode":0,"name":"Shaded","section":"Shading Mode"},"sceneLighting":false,"audioPlay":false,"sceneViewState":{"showFog":true,"showMaterialUpdate":false,"showSkybox":false,"showFlares":true,"showImageEffects":true,"showParticleSystems":true},"in2DMode":false,"pivot":{"x":-0.21926195919513703,"y":3.82959246635437,"z":-1.2505420446395875},"rotation":{"x":0.5245134830474854,"y":0.042107660323381427,"z":-0.025984695181250573,"w":0.849965512752533},"size":0.13617664575576783,"orthographic":false}